Year,Month,Day,hour,apcps,press,spfh2,tmp2m,tmphb,ugrdh,vgrd1,Rel. Humidity
1979,10,21,0,0,1.0191e+05,0.011386,290.27,290.26,0.86,4.15,95.521
1979,10,21,1,0,1.0194e+05,0.011018,289.67,289.84,1.19,3.96,96.057
1979,10,21,2,0,1.0197e+05,0.010649,289.08,289.43,1.52,3.77,96.435
1979,10,21,3,0,1.0201e+05,0.010281,288.48,289.01,1.85,3.58,96.784
1979,10,21,4,0,1.02e+05,0.010049,288.05,288.71,2.1,3.46,97.243
1979,10,21,5,0,1.0198e+05,0.009818,287.62,288.4,2.35,3.35,97.666
1979,10,21,6,0,1.0197e+05,0.0095865,287.18,288.1,2.6,3.23,98.107
1979,10,21,7,0,1.0197e+05,0.0095483,287.12,287.9,2.71,3.24,98.096
1979,10,21,8,0,1.0196e+05,0.0095097,287.06,287.7,2.82,3.24,98.079
1979,10,21,9,0,1.0196e+05,0.0094712,287,287.5,2.92,3.25,98.062
1979,10,21,10,0,1.0194e+05,0.0096037,287.16,287.58,3,3.16,98.385
1979,10,21,11,0,1.0192e+05,0.0097362,287.33,287.66,3.07,3.08,98.629
1979,10,21,12,0,1.019e+05,0.0098686,287.49,287.75,3.14,2.99,98.918
1979,10,21,13,0,1.0193e+05,0.010641,289.66,289.56,3.42,3.1,92.819
1979,10,21,14,0,1.0196e+05,0.011414,291.82,291.38,3.7,3.22,86.895
1979,10,21,15,0,1.0199e+05,0.012186,293.99,293.2,3.97,3.33,81.11
1979,10,21,16,0,1.0192e+05,0.012577,295.24,294.47,3.6,3.81,77.488
1979,10,21,17,0,1.0185e+05,0.012968,296.49,295.74,3.22,4.3,74.012
1979,10,21,18,0,1.0178e+05,0.013359,297.75,297.01,2.84,4.78,70.635
1979,10,21,19,0,1.0177e+05,0.013538,297.66,297.08,2.79,5.15,71.959
1979,10,21,20,0,1.0175e+05,0.013718,297.58,297.14,2.74,5.51,73.252
1979,10,21,21,0,1.0174e+05,0.013897,297.49,297.2,2.68,5.88,74.598
1979,10,21,22,0,1.0169e+05,0.013615,296,295.94,2.54,5.27,79.913
1979,10,21,23,0,1.0164e+05,0.013333,294.5,294.69,2.39,4.65,85.709
1980,10,26,0,0.0388,98807,0.010448,288.37,287.09,3.01,9.78,95.939
1980,10,26,1,0.0318,98804,0.0093301,286.83,285.75,6.35,9.39,94.649
1980,10,26,2,0.0248,98800,0.0082126,285.29,284.41,9.68,9.01,92.148
1980,10,26,3,0.0228,98797,0.0070953,283.76,283.07,13.02,8.62,88.105
1980,10,26,4,0.0175,98992,0.0065465,282.87,282.42,12.66,7.52,86.448
1980,10,26,5,0.0086,99185,0.0059977,281.98,281.77,12.3,6.41,84.262
1980,10,26,6,0.012,99379,0.0054491,281.1,281.12,11.94,5.31,81.425
1980,10,26,7,0.0044,99509,0.0052304,280.95,281.05,11.68,4.85,79.063
1980,10,26,8,0.0008,99639,0.0050117,280.8,280.99,11.43,4.39,76.636
1980,10,26,9,0.0048,99768,0.0047929,280.65,280.92,11.17,3.93,74.141
1980,10,26,10,0.002,99893,0.0047121,280.34,280.37,11.93,3.63,74.548
1980,10,26,11,0.0008,1.0002e+05,0.0046316,280.02,279.83,12.69,3.34,74.994
1980,10,26,12,0,1.0014e+05,0.004551,279.71,279.28,13.44,3.05,75.372
1980,10,26,13,0,1.0022e+05,0.0043186,279.89,279.2,12.1,3.25,70.696
1980,10,26,14,0,1.003e+05,0.004086,280.08,279.12,10.77,3.46,66.07
1980,10,26,15,0,1.0037e+05,0.0038536,280.26,279.03,9.43,3.67,61.594
1980,10,26,16,0,1.0046e+05,0.0038196,280.38,279.42,9.93,3.38,60.603
1980,10,26,17,0,1.0054e+05,0.0037857,280.49,279.81,10.44,3.09,59.665
1980,10,26,18,0,1.0063e+05,0.0037517,280.6,280.19,10.94,2.8,58.736
1980,10,26,19,0,1.0066e+05,0.0037561,280.62,280.17,10.33,2.5,58.743
1980,10,26,20,0,1.007e+05,0.0037605,280.64,280.16,9.71,2.2,58.752
1980,10,26,21,0,1.0073e+05,0.0037649,280.66,280.14,9.1,1.9,58.759
1980,10,26,22,0,1.009e+05,0.0038758,280.16,279.96,9.81,1.86,62.702
1980,10,26,23,0,1.0106e+05,0.0039871,279.66,279.79,10.52,1.83,66.87
1981,10,25,0,0,1.027e+05,0.0037242,279.42,280.67,-0.45,-1.1,64.53
1981,10,25,1,0,1.0278e+05,0.0037151,279.09,280.39,-0.96,-1.35,65.908
1981,10,25,2,0,1.0286e+05,0.0037062,278.76,280.11,-1.48,-1.59,67.322
1981,10,25,3,0.0699,1.0293e+05,0.0036972,278.43,279.83,-1.99,-1.83,68.769
1981,10,25,4,0,1.0287e+05,0.0037848,278.23,279.66,-2.31,-1.21,71.344
1981,10,25,5,0,1.0281e+05,0.0038726,278.03,279.5,-2.64,-0.59,73.979
1981,10,25,6,0.0705,1.0275e+05,0.0039599,277.83,279.33,-2.97,0.04,76.665
1981,10,25,7,0.0896,1.0272e+05,0.004092,277.7,279.19,-2.98,0.27,79.923
1981,10,25,8,0.1468,1.0269e+05,0.0042238,277.58,279.05,-3,0.51,83.169
1981,10,25,9,0.248,1.0266e+05,0.0043557,277.46,278.91,-3.02,0.74,86.464
1981,10,25,10,0,1.0274e+05,0.0046606,278.18,279.18,-3.54,0.6,88.049
1981,10,25,11,0.0476,1.0283e+05,0.0049653,278.9,279.45,-4.05,0.46,89.3
1981,10,25,12,0.0584,1.0292e+05,0.0052702,279.62,279.73,-4.57,0.33,90.257
1981,10,25,13,0,1.0288e+05,0.0054672,280.61,280.36,-4.14,-0.53,87.447
1981,10,25,14,0.2611,1.0284e+05,0.0056647,281.59,281,-3.71,-1.39,84.725
1981,10,25,15,0.1816,1.028e+05,0.0058615,282.58,281.63,-3.29,-2.25,81.965
1981,10,25,16,0.0966,1.0281e+05,0.0060837,283.04,282.35,-3.73,-1.6,82.493
1981,10,25,17,0,1.0283e+05,0.0063056,283.51,283.08,-4.17,-0.95,82.863
1981,10,25,18,0.0772,1.0284e+05,0.0065274,283.97,283.8,-4.61,-0.3,83.196
1981,10,25,19,0.186,1.0281e+05,0.0068208,284.11,283.88,-4.66,-0.24,86.108
1981,10,25,20,0.2125,1.0279e+05,0.0071136,284.24,283.97,-4.71,-0.17,89.01
1981,10,25,21,0.2999,1.0276e+05,0.0074067,284.38,284.05,-4.76,-0.11,91.797
1981,10,25,22,0.4753,1.0272e+05,0.0075104,284.45,284.12,-5.14,0.13,92.617
1981,10,25,23,0.9209,1.0268e+05,0.0076135,284.52,284.2,-5.51,0.36,93.419
1982,10,24,0,0,1.0274e+05,0.0039614,279.99,279.82,1.72,-4.03,66.026
1982,10,24,1,0,1.0279e+05,0.0038733,279.04,279.08,0.87,-4.41,68.964
1982,10,24,2,0,1.0284e+05,0.0037855,278.08,278.35,0.019999,-4.8,72.088
1982,10,24,3,0,1.029e+05,0.0036973,277.13,277.61,-0.84,-5.18,75.291
1982,10,24,4,0,1.0292e+05,0.0036881,276.63,277.28,-0.88,-5.08,77.815
1982,10,24,5,0,1.0294e+05,0.0036787,276.13,276.95,-0.93,-4.98,80.431
1982,10,24,6,0,1.0297e+05,0.003669,275.63,276.62,-0.98,-4.88,83.139
1982,10,24,7,0,1.0297e+05,0.0037289,275.45,276.34,-1.61,-4.95,85.589
1982,10,24,8,0,1.0297e+05,0.0037883,275.28,276.06,-2.24,-5.02,88.014
1982,10,24,9,0,1.0297e+05,0.0038479,275.1,275.77,-2.87,-5.09,90.558
1982,10,24,10,0,1.0302e+05,0.0038503,275.14,275.49,-3.39,-4.68,90.4
1982,10,24,11,0,1.0308e+05,0.0038525,275.18,275.21,-3.91,-4.26,90.237
1982,10,24,12,0,1.0312e+05,0.0038549,275.22,274.93,-4.43,-3.85,90.08
1982,10,24,13,0,1.0314e+05,0.0038433,277.47,277,-4.97,-3.85,76.603
1982,10,24,14,0,1.0316e+05,0.0038322,279.71,279.06,-5.5,-3.85,65.382
1982,10,24,15,0,1.0318e+05,0.0038207,281.96,281.13,-6.04,-3.86,55.917
1982,10,24,16,0,1.0314e+05,0.0038989,282.7,281.96,-5.92,-3.81,54.261
1982,10,24,17,0,1.031e+05,0.0039771,283.44,282.8,-5.79,-3.76,52.648
1982,10,24,18,0,1.0305e+05,0.0040553,284.18,283.63,-5.66,-3.7,51.078
1982,10,24,19,0,1.0305e+05,0.004097,284.19,283.68,-5.22,-3.54,51.569
1982,10,24,20,0,1.0305e+05,0.004139,284.2,283.72,-4.77,-3.38,52.063
1982,10,24,21,0,1.0306e+05,0.004181,284.2,283.76,-4.33,-3.22,52.592
1982,10,24,22,0,1.0303e+05,0.0044183,283.03,282.7,-4.67,-2.99,60.074
1982,10,24,23,0,1.03e+05,0.004656,281.85,281.64,-5.02,-2.77,68.525
1983,10,23,0,0,1.0261e+05,0.0049653,281.14,282.43,-2.29,1.44,76.401
1983,10,23,1,0,1.0257e+05,0.0049453,280.91,282.2,-1.8,1.49,77.263
1983,10,23,2,0,1.0253e+05,0.0049249,280.69,281.97,-1.3,1.55,78.075
1983,10,23,3,0,1.0248e+05,0.0049048,280.47,281.74,-0.81,1.61,78.903
1983,10,23,4,0,1.0246e+05,0.0048982,279.84,280.93,-1.26,1.06,82.259
1983,10,23,5,0,1.0244e+05,0.0048919,279.21,280.13,-1.71,0.51,85.783
1983,10,23,6,1.1662,1.0242e+05,0.0048851,278.58,279.33,-2.16,-0.04,89.469
1983,10,23,7,1.1221,1.0234e+05,0.0051631,278.89,279.5,-1.54,0.07,92.484
1983,10,23,8,0.9351,1.0228e+05,0.0054412,279.21,279.67,-0.93,0.18,95.264
1983,10,23,9,1.5568,1.022e+05,0.0057194,279.52,279.84,-0.31,0.29,97.947
1983,10,23,10,2.109,1.0217e+05,0.0060851,280.31,280.53,-0.97,0.53,98.665
1983,10,23,11,4.8542,1.0213e+05,0.0064512,281.1,281.22,-1.64,0.77,99.069
1983,10,23,12,8.1666,1.021e+05,0.0068169,281.88,281.92,-2.3,1,99.25
1983,10,23,13,0.3891,1.0199e+05,0.0070838,282.75,282.56,-1.9,2.09,97.157
1983,10,23,14,0.4627,1.0188e+05,0.0073508,283.62,283.2,-1.5,3.18,95.013
1983,10,23,15,0.7903,1.0178e+05,0.0076175,284.49,283.85,-1.1,4.27,92.827
1983,10,23,16,0.5332,1.0178e+05,0.0077651,284.74,284.21,-2.02,3.92,93.069
1983,10,23,17,1.136,1.0177e+05,0.0079129,284.98,284.58,-2.93,3.57,93.345
1983,10,23,18,1.4107,1.0177e+05,0.0080607,285.23,284.95,-3.85,3.23,93.531
1983,10,23,19,0.9464,1.0168e+05,0.0082924,285.61,285.37,-3.54,4.61,93.763
1983,10,23,20,1.461,1.016e+05,0.0085248,285.98,285.79,-3.23,5.99,93.999
1983,10,23,21,1.7667,1.0151e+05,0.0087568,286.36,286.22,-2.92,7.37,94.106
1983,10,23,22,1.6832,1.0149e+05,0.008925,286.43,286.34,-2.81,7.14,95.458
1983,10,23,23,2.6626,1.0147e+05,0.0090932,286.5,286.47,-2.7,6.9,96.796
1984,10,28,0,0,1.0214e+05,0.011176,290,289.91,-3.36,3.45,95.597
1984,10,28,1,0,1.0213e+05,0.011046,289.71,289.68,-2.63,3.35,96.231
1984,10,28,2,0,1.0212e+05,0.010915,289.41,289.46,-1.9,3.25,96.923
1984,10,28,3,0,1.0211e+05,0.010785,289.12,289.23,-1.16,3.14,97.548
1984,10,28,4,0,1.0207e+05,0.010725,288.91,289.13,-0.82,3.22,98.271
1984,10,28,5,0,1.0202e+05,0.010665,288.7,289.04,-0.48,3.3,98.998
1984,10,28,6,1.0232,1.0198e+05,0.010604,288.49,288.94,-0.14,3.38,99.73
1984,10,28,7,0.6724,1.0191e+05,0.010672,288.65,288.78,0.36,3.6,99.277
1984,10,28,8,0.1459,1.0184e+05,0.010741,288.81,288.62,0.87,3.82,98.826
1984,10,28,9,0,1.0177e+05,0.010809,288.97,288.46,1.37,4.04,98.374
1984,10,28,10,0,1.0179e+05,0.010895,289.08,288.73,1.87,4.16,98.48
1984,10,28,11,0,1.0181e+05,0.01098,289.18,289.01,2.37,4.28,98.641
1984,10,28,12,0,1.0183e+05,0.011066,289.29,289.28,2.87,4.4,98.738
1984,10,28,13,0,1.0178e+05,0.011644,290.91,290.49,2.7,4.36,93.698
1984,10,28,14,0,1.0172e+05,0.012222,292.52,291.71,2.52,4.32,88.862
1984,10,28,15,0,1.0166e+05,0.0128,294.13,292.92,2.35,4.28,84.196
1984,10,28,16,0,1.0162e+05,0.013277,295.21,294.34,2.74,4.64,81.712
1984,10,28,17,0,1.0159e+05,0.013753,296.28,295.75,3.13,5,79.288
1984,10,28,18,0,1.0155e+05,0.014229,297.35,297.16,3.52,5.36,76.886
1984,10,28,19,0,1.015e+05,0.014316,297.49,297.23,3.2,5.35,76.668
1984,10,28,20,0,1.0144e+05,0.014403,297.64,297.3,2.88,5.35,76.402
1984,10,28,21,0,1.0138e+05,0.01449,297.79,297.36,2.56,5.35,76.135
1984,10,28,22,0,1.0139e+05,0.014184,296.24,296.07,2.54,5.25,81.81
1984,10,28,23,0,1.0139e+05,0.013878,294.7,294.78,2.52,5.16,87.913
1985,10,27,0,0,1.0186e+05,0.0051449,284.37,287.05,3.18,-0.28,63.25
1985,10,27,1,0,1.0188e+05,0.0051823,283.85,286.34,3.18,-0.01,65.962
1985,10,27,2,0,1.019e+05,0.0052196,283.34,285.63,3.18,0.26,68.749
1985,10,27,3,0,1.0191e+05,0.0052567,282.82,284.92,3.18,0.53,71.706
1985,10,27,4,0,1.0189e+05,0.0052762,282.37,284.33,3.18,0.75,74.166
1985,10,27,5,0,1.0186e+05,0.0052957,281.91,283.73,3.17,0.97,76.769
1985,10,27,6,0,1.0184e+05,0.0053153,281.45,283.14,3.16,1.19,79.474
1985,10,27,7,0,1.0182e+05,0.0053249,281.11,282.72,3.28,1.45,81.464
1985,10,27,8,0,1.018e+05,0.0053344,280.76,282.3,3.39,1.72,83.565
1985,10,27,9,0,1.0178e+05,0.0053438,280.41,281.87,3.5,1.98,85.724
1985,10,27,10,0,1.0178e+05,0.0054016,280.46,281.76,4.24,2.02,86.357
1985,10,27,11,0,1.0178e+05,0.0054593,280.5,281.66,4.97,2.06,87.045
1985,10,27,12,0,1.0179e+05,0.0055167,280.54,281.55,5.71,2.09,87.721
1985,10,27,13,0,1.0176e+05,0.0055847,283.3,283.83,5.61,2.45,73.654
1985,10,27,14,0,1.0173e+05,0.0056523,286.06,286.12,5.5,2.81,62.082
1985,10,27,15,0,1.017e+05,0.0057201,288.82,288.41,5.4,3.16,52.528
1985,10,27,16,0,1.0165e+05,0.0058664,290.26,289.78,5.8,3.78,49.121
1985,10,27,17,0,1.0159e+05,0.0060129,291.7,291.15,6.2,4.4,45.956
1985,10,27,18,0,1.0153e+05,0.0061595,293.14,292.51,6.6,5.03,43.013
1985,10,27,19,0,1.0145e+05,0.0063028,292.89,292.55,6.34,5.03,44.665
1985,10,27,20,0,1.0137e+05,0.0064463,292.65,292.59,6.08,5.04,46.331
1985,10,27,21,0,1.0129e+05,0.0065894,292.4,292.63,5.82,5.04,48.063
1985,10,27,22,0,1.0129e+05,0.0068198,290.36,290.73,5.74,4.48,56.546
1985,10,27,23,0,1.013e+05,0.0070496,288.32,288.83,5.67,3.92,66.581
1986,11,2,0,0,1.029e+05,0.0088771,288.05,287.71,3,4.31,86.659
1986,11,2,1,0,1.0283e+05,0.0089526,287.72,287.6,2.74,4.25,89.216
1986,11,2,2,0,1.0276e+05,0.0090279,287.38,287.49,2.47,4.18,91.905
1986,11,2,3,0.0376,1.0269e+05,0.0091037,287.05,287.37,2.21,4.12,94.618
1986,11,2,4,0,1.0264e+05,0.0091201,287,287.33,2.35,4.12,95.054
1986,11,2,5,0.0628,1.0259e+05,0.0091369,286.96,287.29,2.48,4.12,95.434
1986,11,2,6,0.0586,1.0255e+05,0.0091536,286.91,287.25,2.62,4.12,95.876
1986,11,2,7,0.0533,1.0244e+05,0.0092048,286.93,287.08,2.85,3.99,96.192
1986,11,2,8,0.0747,1.0234e+05,0.0092563,286.95,286.91,3.08,3.86,96.509
1986,11,2,9,0.439,1.0224e+05,0.0093078,286.97,286.73,3.31,3.73,96.823
1986,11,2,10,0.4534,1.0222e+05,0.009254,286.98,286.61,3.34,3.49,96.177
1986,11,2,11,0.294,1.0219e+05,0.0092004,286.99,286.5,3.37,3.25,95.532
1986,11,2,12,0.2448,1.0216e+05,0.0091465,287,286.38,3.4,3.01,94.886
1986,11,2,13,0,1.0213e+05,0.0090334,287.29,286.78,3.34,2.64,91.939
1986,11,2,14,0,1.0211e+05,0.0089207,287.59,287.18,3.29,2.27,89.021
1986,11,2,15,0,1.0208e+05,0.0088076,287.88,287.59,3.24,1.89,86.236
1986,11,2,16,0,1.0203e+05,0.0088262,288.38,288.1,3.04,1.45,83.642
1986,11,2,17,0,1.0199e+05,0.0088447,288.87,288.61,2.85,1,81.187
1986,11,2,18,0,1.0194e+05,0.0088635,289.36,289.12,2.65,0.56,78.816
1986,11,2,19,0,1.0197e+05,0.0084784,289.32,289.01,2.26,-0.57,75.604
1986,11,2,20,0,1.02e+05,0.0080934,289.28,288.9,1.86,-1.69,72.374
1986,11,2,21,0,1.0202e+05,0.0077086,289.24,288.79,1.47,-2.82,69.129
1986,11,2,22,0,1.0207e+05,0.007582,288.15,287.62,1.74,-3.28,72.949
1986,11,2,23,0,1.0212e+05,0.0074554,287.07,286.46,2,-3.74,76.957
1987,11,1,0,0,1.032e+05,0.0052246,283.49,284.43,-0.34,-2.08,69.002
1987,11,1,1,0,1.0324e+05,0.0051805,282.64,283.76,-0.78,-2,72.459
1987,11,1,2,0,1.0328e+05,0.0051366,281.79,283.08,-1.22,-1.92,76.117
1987,11,1,3,0,1.0332e+05,0.0050925,280.95,282.4,-1.66,-1.85,79.926
1987,11,1,4,0,1.0332e+05,0.0050083,280.73,282.14,-1.6,-1.19,79.791
1987,11,1,5,0,1.0331e+05,0.0049241,280.51,281.87,-1.54,-0.54,79.635
1987,11,1,6,0,1.0331e+05,0.0048395,280.29,281.6,-1.48,0.11,79.453
1987,11,1,7,0,1.0331e+05,0.0048066,280.28,281.35,-1.12,0.25,78.966
1987,11,1,8,0,1.033e+05,0.0047734,280.27,281.11,-0.75,0.39,78.472
1987,11,1,9,0,1.033e+05,0.0047405,280.27,280.86,-0.39,0.53,77.929
1987,11,1,10,0,1.033e+05,0.0047367,279.97,280.64,-0.27,0.28,79.488
1987,11,1,11,0,1.033e+05,0.0047334,279.67,280.42,-0.15,0.03,81.09
1987,11,1,12,0,1.033e+05,0.0047295,279.37,280.2,-0.030001,-0.21,82.718
1987,11,1,13,0,1.0327e+05,0.0048601,281.16,281.57,-0.3,-0.11,75.16
1987,11,1,14,0,1.0324e+05,0.0049906,282.95,282.94,-0.58,0,68.362
1987,11,1,15,0,1.0321e+05,0.005121,284.74,284.3,-0.85,0.099999,62.241
1987,11,1,16,0,1.0315e+05,0.0052605,285.7,285.34,-0.2,0.82,59.983
1987,11,1,17,0,1.0309e+05,0.0054,286.67,286.37,0.45,1.54,57.756
1987,11,1,18,0,1.0303e+05,0.0055395,287.63,287.41,1.1,2.26,55.637
1987,11,1,19,0,1.0298e+05,0.0056935,287.79,287.45,1.39,1.68,56.566
1987,11,1,20,0,1.0293e+05,0.0058471,287.96,287.49,1.68,1.1,57.429
1987,11,1,21,0,1.0287e+05,0.0060012,288.12,287.54,1.97,0.52,58.308
1987,11,1,22,0,1.0286e+05,0.0062368,287.28,287.05,1.93,0.91,63.972
1987,11,1,23,0,1.0285e+05,0.0064724,286.45,286.57,1.88,1.29,70.065
1988,11,6,0,0.057,99375,0.0096247,287.11,286.46,-3.81,6.31,96.431
1988,11,6,1,0.0774,99350,0.0096193,286.9,286.52,-2.79,6.27,97.677
1988,11,6,2,0.0564,99325,0.0096139,286.69,286.57,-1.76,6.22,98.941
1988,11,6,3,0.0512,99300,0.0096082,286.48,286.62,-0.73,6.18,100.22
1988,11,6,4,0.0218,99300,0.0095461,286.39,286.56,0.63,6.45,100.16
1988,11,6,5,0.0266,99300,0.0094837,286.3,286.5,1.99,6.72,100.09
1988,11,6,6,0.0294,99299,0.0094216,286.21,286.43,3.35,6.99,100.02
1988,11,6,7,0.0101,99402,0.0092773,285.98,286.25,3.93,6.3,100.09
1988,11,6,8,0.0079,99506,0.0091332,285.75,286.07,4.5,5.6,100.13
1988,11,6,9,0.0054,99610,0.0089892,285.52,285.89,5.08,4.91,100.16
1988,11,6,10,0.0052,99728,0.0085072,284.92,285.17,4.32,5.05,98.73
1988,11,6,11,0.0032,99846,0.0080255,284.31,284.46,3.57,5.18,97.095
1988,11,6,12,0,99964,0.0075435,283.71,283.75,2.81,5.32,95.094
1988,11,6,13,0,1.0006e+05,0.0075492,285.32,285.16,2.67,5.7,85.615
1988,11,6,14,0,1.0015e+05,0.0075551,286.94,286.56,2.52,6.07,77.136
1988,11,6,15,0,1.0025e+05,0.0075607,288.55,287.97,2.38,6.44,69.633
1988,11,6,16,0,1.0021e+05,0.0073499,289.14,288.68,2.18,6.77,65.157
1988,11,6,17,0,1.0018e+05,0.0071389,289.73,289.39,1.98,7.09,60.929
1988,11,6,18,0,1.0014e+05,0.0069279,290.32,290.1,1.78,7.42,56.934
1988,11,6,19,0,1.0009e+05,0.0069828,290,289.83,1.46,7.13,58.534
1988,11,6,20,0,1.0005e+05,0.0070376,289.68,289.56,1.14,6.83,60.177
1988,11,6,21,0,99999,0.0070921,289.36,289.29,0.82,6.54,61.863
1988,11,6,22,0,1.0006e+05,0.0072504,287.64,287.56,0.94,6.06,70.672
1988,11,6,23,0,1.0012e+05,0.0074085,285.92,285.84,1.06,5.58,80.816
1989,11,5,0,0,1.0244e+05,0.0028629,277.37,278.28,0.52,0.96,57.069
1989,11,5,1,0,1.0242e+05,0.0029146,276.89,277.85,0.81,1.25,60.081
1989,11,5,2,0,1.0239e+05,0.0029662,276.41,277.42,1.1,1.54,63.24
1989,11,5,3,0,1.0237e+05,0.003018,275.93,276.99,1.39,1.82,66.557
1989,11,5,4,0,1.0239e+05,0.0030995,275.6,276.78,1.25,1.64,69.988
1989,11,5,5,0,1.024e+05,0.0031806,275.27,276.57,1.12,1.46,73.541
1989,11,5,6,0,1.0242e+05,0.0032622,274.94,276.36,0.98,1.28,77.24
1989,11,5,7,0,1.0245e+05,0.0034276,275.49,276.71,0.68,1.68,78.052
1989,11,5,8,0,1.0248e+05,0.0035932,276.04,277.06,0.39,2.08,78.706
1989,11,5,9,0,1.0251e+05,0.0037587,276.59,277.41,0.099999,2.48,79.209
1989,11,5,10,0,1.025e+05,0.0038798,276.97,277.63,-0.23,2.55,79.595
1989,11,5,11,0,1.025e+05,0.0040008,277.35,277.85,-0.55,2.61,79.91
1989,11,5,12,0,1.0249e+05,0.0041217,277.74,278.07,-0.87,2.67,80.102
1989,11,5,13,0,1.0254e+05,0.004185,279.28,279.28,-0.62,2.47,73.104
1989,11,5,14,0,1.0258e+05,0.0042485,280.83,280.49,-0.36,2.27,66.749
1989,11,5,15,0,1.0263e+05,0.0043118,282.37,281.7,-0.1,2.07,61.051
1989,11,5,16,0,1.0259e+05,0.0045349,283.27,282.59,-0.58,2.83,60.418
1989,11,5,17,0,1.0255e+05,0.0047576,284.16,283.47,-1.07,3.59,59.707
1989,11,5,18,0,1.025e+05,0.0049805,285.05,284.36,-1.55,4.36,58.903
1989,11,5,19,0,1.0249e+05,0.0051543,285.13,284.58,-0.98,4.67,60.628
1989,11,5,20,0,1.0247e+05,0.0053282,285.2,284.81,-0.41,4.99,62.374
1989,11,5,21,0,1.0246e+05,0.0055021,285.27,285.03,0.16,5.31,64.104
1989,11,5,22,0,1.0241e+05,0.0058321,284.82,284.69,0.04,5.36,69.963
1989,11,5,23,0,1.0236e+05,0.0061619,284.36,284.35,-0.08,5.4,76.17
1990,11,4,0,0,1.0171e+05,0.0087395,290.53,292.18,5.41,0.72,71.981
1990,11,4,1,0,1.0172e+05,0.008535,289.57,291.23,4.68,0.65,74.725
1990,11,4,2,0,1.0174e+05,0.0083308,288.61,290.27,3.95,0.57,77.567
1990,11,4,3,0,1.0176e+05,0.0081262,287.65,289.32,3.21,0.5,80.503
1990,11,4,4,0,1.0172e+05,0.0079271,287.03,288.82,3.09,0.44,81.724
1990,11,4,5,0,1.0169e+05,0.0077283,286.42,288.33,2.97,0.39,82.876
1990,11,4,6,0,1.0166e+05,0.0075289,285.81,287.83,2.85,0.33,83.999
1990,11,4,7,0,1.0164e+05,0.0073562,285.45,287.3,2.84,0.26,84.024
1990,11,4,8,0,1.0163e+05,0.0071834,285.08,286.76,2.83,0.18,84.062
1990,11,4,9,0,1.0161e+05,0.0070105,284.72,286.23,2.82,0.11,84.001
1990,11,4,10,0,1.0162e+05,0.0069745,284.59,286.21,3.22,0.03,84.301
1990,11,4,11,0,1.0163e+05,0.0069388,284.46,286.2,3.62,-0.05,84.603
1990,11,4,12,0,1.0164e+05,0.0069029,284.33,286.18,4.02,-0.13,84.904
1990,11,4,13,0,1.016e+05,0.007317,286.69,287.68,3.58,0.53,77.026
1990,11,4,14,0,1.0155e+05,0.0077311,289.06,289.19,3.14,1.19,69.81
1990,11,4,15,0,1.0151e+05,0.008145,291.42,290.69,2.7,1.86,63.304
1990,11,4,16,0,1.0146e+05,0.0081078,292.69,292.06,3.26,2.6,58.18
1990,11,4,17,0,1.0141e+05,0.0080708,293.96,293.44,3.82,3.35,53.512
1990,11,4,18,0,1.0136e+05,0.008034,295.23,294.82,4.38,4.09,49.257
1990,11,4,19,0,1.013e+05,0.0080955,294.86,294.59,4.32,3.72,50.739
1990,11,4,20,0,1.0125e+05,0.0081576,294.49,294.36,4.26,3.36,52.27
1990,11,4,21,0,1.0119e+05,0.0082195,294.12,294.13,4.21,2.99,53.847
1990,11,4,22,0,1.0117e+05,0.0081393,292.33,292.64,4.53,2.53,59.559
1990,11,4,23,0,1.0115e+05,0.0080598,290.54,291.15,4.85,2.08,65.979
1991,11,3,0,0,1.014e+05,0.0096101,288.97,289.83,3.33,2.64,87.147
1991,11,3,1,0,1.0149e+05,0.0092238,288.72,289.72,3.02,1.45,85.068
1991,11,3,2,0,1.0158e+05,0.0088378,288.47,289.62,2.71,0.26,82.898
1991,11,3,3,0,1.0166e+05,0.0084513,288.21,289.51,2.4,-0.93,80.679
1991,11,3,4,0,1.0166e+05,0.008164,287.83,288.86,2.66,-1.32,79.862
1991,11,3,5,0,1.0165e+05,0.0078767,287.45,288.22,2.93,-1.71,78.962
1991,11,3,6,0,1.0164e+05,0.0075893,287.07,287.57,3.19,-2.1,77.971
1991,11,3,7,0,1.0167e+05,0.0073114,286.73,287.07,3.1,-2.02,76.82
1991,11,3,8,0,1.017e+05,0.0070337,286.39,286.57,3.02,-1.95,75.583
1991,11,3,9,0,1.0173e+05,0.0067562,286.04,286.07,2.94,-1.88,74.305
1991,11,3,10,0,1.018e+05,0.0063203,285.65,285.35,3.06,-1.83,71.359
1991,11,3,11,0,1.0187e+05,0.0058844,285.25,284.62,3.19,-1.77,68.255
1991,11,3,12,0,1.0194e+05,0.0054484,284.85,283.89,3.31,-1.71,64.931
1991,11,3,13,0,1.0198e+05,0.0050632,285.08,284.01,3.25,-1.31,59.457
1991,11,3,14,0,1.0203e+05,0.0046782,285.31,284.12,3.18,-0.92,54.133
1991,11,3,15,0,1.0207e+05,0.0042929,285.54,284.24,3.11,-0.52,48.95
1991,11,3,16,0,1.0201e+05,0.0043274,285.94,284.76,3.47,0.33,48.035
1991,11,3,17,0,1.0194e+05,0.0043622,286.34,285.29,3.83,1.18,47.141
1991,11,3,18,0,1.0188e+05,0.0043966,286.74,285.81,4.19,2.04,46.26
1991,11,3,19,0,1.0189e+05,0.0042649,286.44,285.61,4.46,2.07,45.764
1991,11,3,20,0,1.0189e+05,0.0041331,286.14,285.41,4.73,2.11,45.23
1991,11,3,21,0,1.019e+05,0.0040016,285.85,285.2,5.01,2.14,44.634
1991,11,3,22,0,1.0193e+05,0.0041717,284.44,283.97,5.12,1.62,51.081
1991,11,3,23,0,1.0196e+05,0.0043419,283.03,282.73,5.23,1.1,58.427
1992,11,1,0,0,1.02e+05,0.006082,282.24,281.45,-2.12,-3.06,86.337
1992,11,1,1,0,1.0201e+05,0.0058847,281.99,281.5,-1.55,-3.39,84.973
1992,11,1,2,0,1.0203e+05,0.0056873,281.73,281.56,-0.99,-3.72,83.594
1992,11,1,3,0,1.0204e+05,0.0054898,281.48,281.62,-0.42,-4.05,82.084
1992,11,1,4,0,1.0209e+05,0.005427,281.28,281.38,-0.22,-3.83,82.289
1992,11,1,5,0,1.0213e+05,0.005364,281.09,281.14,-0.01,-3.61,82.425
1992,11,1,6,0.0488,1.0217e+05,0.0053012,280.89,280.9,0.19,-3.38,82.612
1992,11,1,7,0,1.0214e+05,0.0051643,280.71,280.71,0.16,-3.19,81.453
1992,11,1,8,0,1.0212e+05,0.0050271,280.53,280.52,0.12,-3,80.249
1992,11,1,9,0,1.0209e+05,0.0048902,280.35,280.33,0.089999,-2.81,79.012
1992,11,1,10,0,1.0211e+05,0.0047721,280.24,280.13,0.15,-3.05,77.705
1992,11,1,11,0,1.0214e+05,0.0046543,280.13,279.94,0.21,-3.3,76.379
1992,11,1,12,0,1.0216e+05,0.0045365,280.02,279.74,0.27,-3.54,75.028
1992,11,1,13,0,1.0221e+05,0.0043272,280.2,279.85,-0.47,-3.9,70.72
1992,11,1,14,1.7458,1.0226e+05,0.0041181,280.37,279.96,-1.21,-4.26,66.555
1992,11,1,15,0,1.023e+05,0.0039093,280.55,280.07,-1.95,-4.62,62.436
1992,11,1,16,0,1.0231e+05,0.0038796,281.08,280.59,-1.63,-4.26,59.762
1992,11,1,17,0,1.0231e+05,0.0038502,281.62,281.11,-1.31,-3.9,57.174
1992,11,1,18,0,1.0232e+05,0.0038207,282.16,281.63,-0.99,-3.53,54.702
1992,11,1,19,0,1.023e+05,0.0037895,282.09,281.57,-1.28,-3.68,54.504
1992,11,1,20,0,1.0228e+05,0.0037581,282.01,281.51,-1.57,-3.82,54.337
1992,11,1,21,0,1.0227e+05,0.0037266,281.94,281.44,-1.85,-3.96,54.129
1992,11,1,22,0,1.0232e+05,0.0037915,281.38,280.94,-2.12,-3.76,57.234
1992,11,1,23,0,1.0238e+05,0.0038568,280.82,280.44,-2.39,-3.55,60.515
1993,11,14,0,0.0578,1.0208e+05,0.0081726,284.82,284.76,1.58,5.73,97.725
1993,11,14,1,0.122,1.02e+05,0.0080941,284.75,284.69,1.97,5.65,97.166
1993,11,14,2,0.2052,1.0193e+05,0.008016,284.68,284.63,2.36,5.56,96.606
1993,11,14,3,0.2824,1.0186e+05,0.0079381,284.62,284.56,2.75,5.48,95.981
1993,11,14,4,0.0416,1.0178e+05,0.0079849,284.68,284.64,3.33,5.23,96.092
1993,11,14,5,0.2236,1.0171e+05,0.0080315,284.74,284.72,3.91,4.98,96.197
1993,11,14,6,0.0134,1.0163e+05,0.0080782,284.8,284.8,4.49,4.73,96.3
1993,11,14,7,0.0912,1.0163e+05,0.0081778,284.96,285.03,4.74,4.29,96.463
1993,11,14,8,0,1.0163e+05,0.0082775,285.12,285.27,5,3.85,96.615
1993,11,14,9,0,1.0163e+05,0.008377,285.28,285.51,5.25,3.41,96.752
1993,11,14,10,0,1.0168e+05,0.0082659,285.04,285.44,5.36,3.15,97.032
1993,11,14,11,0,1.0172e+05,0.0081545,284.8,285.36,5.48,2.88,97.295
1993,11,14,12,0,1.0176e+05,0.0080435,284.57,285.28,5.59,2.62,97.483
1993,11,14,13,0,1.0176e+05,0.008438,286.26,286.61,5.03,2.37,91.495
1993,11,14,14,0,1.0175e+05,0.0088323,287.95,287.94,4.47,2.12,85.813
1993,11,14,15,0.0098,1.0174e+05,0.0092266,289.64,289.27,3.91,1.88,80.438
1993,11,14,16,0,1.0168e+05,0.0094527,290.43,290.22,3.73,2.46,78.328
1993,11,14,17,0,1.0161e+05,0.0096786,291.22,291.16,3.54,3.05,76.251
1993,11,14,18,0.0089,1.0154e+05,0.0099046,292.02,292.11,3.36,3.63,74.166
1993,11,14,19,0.0126,1.0145e+05,0.010168,292.26,292.21,2.91,4.1,74.941
1993,11,14,20,0.042,1.0136e+05,0.010431,292.5,292.31,2.45,4.56,75.671
1993,11,14,21,0.0784,1.0127e+05,0.010694,292.74,292.41,2,5.02,76.363
1993,11,14,22,0.0184,1.0128e+05,0.010667,291.81,291.7,2.85,5.02,80.72
1993,11,14,23,0.0292,1.0128e+05,0.01064,290.89,290.99,3.69,5.03,85.306
1994,11,6,0,0,1.0145e+05,0.0086351,288.48,289.56,4.21,2.98,80.843
1994,11,6,1,0,1.0144e+05,0.0084778,287.62,288.78,3.61,2.8,83.891
1994,11,6,2,0,1.0144e+05,0.008321,286.76,287.99,3.01,2.61,87.061
1994,11,6,3,0,1.0144e+05,0.0081637,285.9,287.2,2.41,2.42,90.349
1994,11,6,4,0,1.0141e+05,0.0080001,285.4,286.7,2.43,2.38,91.473
1994,11,6,5,0,1.0139e+05,0.0078369,284.9,286.2,2.45,2.34,92.589
1994,11,6,6,0,1.0136e+05,0.0076734,284.4,285.7,2.46,2.3,93.685
1994,11,6,7,0,1.0138e+05,0.007601,284.12,285.41,2.76,2.48,94.563
1994,11,6,8,0,1.0141e+05,0.0075286,283.83,285.12,3.05,2.66,95.507
1994,11,6,9,0,1.0143e+05,0.0074565,283.55,284.83,3.35,2.84,96.396
1994,11,6,10,0,1.0134e+05,0.0075246,283.54,284.71,3.2,2.96,97.258
1994,11,6,11,0,1.0125e+05,0.0075927,283.54,284.59,3.05,3.08,98.052
1994,11,6,12,0,1.0116e+05,0.0076609,283.53,284.48,2.9,3.2,98.914
1994,11,6,13,0,1.0118e+05,0.0084787,285.92,286.42,2.63,4.17,93.474
1994,11,6,14,0,1.0119e+05,0.0092965,288.3,288.36,2.37,5.13,87.826
1994,11,6,15,0,1.0121e+05,0.010114,290.69,290.31,2.1,6.1,82.063
1994,11,6,16,0.0294,1.0104e+05,0.010513,290.95,290.63,2.65,6.68,83.771
1994,11,6,17,0,1.0088e+05,0.010911,291.21,290.96,3.21,7.26,85.393
1994,11,6,18,0,1.0071e+05,0.011309,291.47,291.29,3.76,7.84,86.933
1994,11,6,19,0.0411,1.007e+05,0.011338,291.19,291.02,4.08,7.74,88.688
1994,11,6,20,0.0567,1.0068e+05,0.011366,290.91,290.75,4.41,7.64,90.477
1994,11,6,21,0.0794,1.0067e+05,0.011394,290.63,290.48,4.73,7.54,92.306
1994,11,6,22,0.0193,1.0067e+05,0.011225,290.24,290.3,5.97,6.62,93.211
1994,11,6,23,0.0122,1.0068e+05,0.011056,289.85,290.11,7.2,5.7,94.11
1995,11,12,0,1.5172,1.0038e+05,0.010033,288.04,287.88,-2.38,11.32,95.611
1995,11,12,1,2.7132,1.0022e+05,0.01015,288.19,288.17,-2.47,12.16,95.639
1995,11,12,2,3.2766,1.0005e+05,0.010268,288.35,288.46,-2.55,13,95.594
1995,11,12,3,4.4986,99877,0.010385,288.51,288.75,-2.64,13.84,95.537
1995,11,12,4,6.2472,99689,0.010556,288.59,288.67,-1.54,14.13,96.43
1995,11,12,5,6.9016,99500,0.010727,288.67,288.6,-0.44,14.42,97.304
1995,11,12,6,4.1314,99312,0.010898,288.75,288.52,0.66,14.71,98.163
1995,11,12,7,3.6722,99333,0.010119,287.62,287.37,3.34,12.08,98.042
1995,11,12,8,2.7754,99353,0.0093393,286.49,286.21,6.01,9.44,97.403
1995,11,12,9,2.1968,99372,0.0085599,285.36,285.05,8.68,6.81,96.157
1995,11,12,10,2.2582,99576,0.007343,283.42,282.55,11.12,4.4,94.01
1995,11,12,11,1.5584,99780,0.006126,281.47,280.05,13.56,2,89.624
1995,11,12,12,0.8816,99983,0.0049086,279.53,277.55,16,-0.41,82.177
1995,11,12,13,0.0124,1.0027e+05,0.0042695,278.36,276.88,14,-0.47,77.736
1995,11,12,14,0.0068,1.0055e+05,0.0036302,277.19,276.21,12,-0.54,71.937
1995,11,12,15,0,1.0084e+05,0.0029911,276.03,275.54,10,-0.6,64.515
1995,11,12,16,0.0006,1.0096e+05,0.0029542,276.32,275.93,9.83,-0.73,62.496
1995,11,12,17,0.0028,1.0107e+05,0.0029179,276.62,276.31,9.65,-0.87,60.503
1995,11,12,18,0.0021,1.0119e+05,0.0028809,276.91,276.69,9.48,-1,58.594
1995,11,12,19,0.0009,1.0129e+05,0.0028278,276.86,276.61,8.59,-1.4,57.775
1995,11,12,20,0.001,1.0139e+05,0.0027745,276.8,276.53,7.69,-1.8,56.983
1995,11,12,21,0,1.0149e+05,0.0027209,276.75,276.45,6.8,-2.19,56.135
1995,11,12,22,0,1.0158e+05,0.0028003,276.25,275.87,6.89,-2.42,59.901
1995,11,12,23,0,1.0166e+05,0.0028797,275.76,275.29,6.98,-2.64,63.832
1996,11,3,0,0,1.0081e+05,0.0038696,278.83,278.59,6.04,-3.47,68.561
1996,11,3,1,0,1.0089e+05,0.0037003,278.21,278.01,5.68,-4.48,68.501
1996,11,3,2,0,1.0096e+05,0.003531,277.59,277.44,5.33,-5.5,68.312
1996,11,3,3,0,1.0104e+05,0.0033617,276.97,276.86,4.97,-6.51,67.982
1996,11,3,4,0,1.0114e+05,0.0032747,276.23,276.21,5.41,-6.02,69.846
1996,11,3,5,0,1.0124e+05,0.0031876,275.49,275.55,5.84,-5.53,71.73
1996,11,3,6,0,1.0134e+05,0.0031005,274.76,274.9,6.27,-5.04,73.581
1996,11,3,7,0,1.014e+05,0.0030492,274.4,274.54,6.32,-4.84,74.3
1996,11,3,8,0,1.0146e+05,0.0029979,274.04,274.18,6.37,-4.65,75.012
1996,11,3,9,0,1.0151e+05,0.002947,273.67,273.83,6.42,-4.45,75.778
1996,11,3,10,0,1.0159e+05,0.0029352,273.55,273.62,6.13,-3.99,76.191
1996,11,3,11,0,1.0167e+05,0.0029237,273.42,273.41,5.84,-3.53,76.67
1996,11,3,12,0,1.0175e+05,0.0029117,273.3,273.2,5.55,-3.07,77.081
1996,11,3,13,0,1.0181e+05,0.0028392,274.9,274.54,5.6,-2.87,67.014
1996,11,3,14,0,1.0187e+05,0.0027663,276.5,275.87,5.65,-2.66,58.303
1996,11,3,15,0,1.0193e+05,0.0026939,278.1,277.2,5.7,-2.46,50.772
1996,11,3,16,0,1.0191e+05,0.0026893,278.67,278,6.07,-2.2,48.707
1996,11,3,17,0,1.019e+05,0.0026849,279.25,278.8,6.43,-1.95,46.705
1996,11,3,18,0,1.0188e+05,0.0026805,279.83,279.59,6.8,-1.69,44.793
1996,11,3,19,0,1.0192e+05,0.002784,279.89,279.64,6.64,-1.44,46.346
1996,11,3,20,0,1.0195e+05,0.0028875,279.95,279.69,6.48,-1.2,47.886
1996,11,3,21,0,1.0198e+05,0.0029911,280.01,279.73,6.33,-0.95,49.415
1996,11,3,22,0,1.0206e+05,0.0031991,279.31,279.19,5.84,-1.03,55.505
1996,11,3,23,0,1.0214e+05,0.0034071,278.62,278.65,5.35,-1.11,62.056
1997,11,2,0,1.5287,99531,0.01106,288.8,288.1,-3.75,3.36,99.52
1997,11,2,1,1.7022,99559,0.0097461,287,286.53,-1.54,3.96,98.53
1997,11,2,2,1.777,99587,0.0084323,285.2,284.96,0.67,4.55,95.934
1997,11,2,3,1.4214,99616,0.0071184,283.4,283.39,2.88,5.15,91.292
1997,11,2,4,0.8312,99672,0.0077542,284.2,284.46,2.52,5.22,94.336
1997,11,2,5,0.4862,99728,0.0083901,284.99,285.54,2.17,5.3,96.923
1997,11,2,6,0.3622,99785,0.0090257,285.78,286.61,1.81,5.38,99.038
1997,11,2,7,0.0716,99807,0.0089916,285.76,286.4,1.78,4.92,98.816
1997,11,2,8,0.0705,99830,0.0089576,285.73,286.19,1.75,4.47,98.658
1997,11,2,9,0.0936,99851,0.0089235,285.7,285.98,1.72,4.02,98.498
1997,11,2,10,0,99894,0.0089321,285.73,285.79,1.68,4.06,98.441
1997,11,2,11,0,99937,0.0089406,285.77,285.6,1.64,4.09,98.319
1997,11,2,12,0.0179,99980,0.0089488,285.8,285.41,1.59,4.13,98.258
1997,11,2,13,0.1508,99974,0.0094698,287.08,286.66,0.12,4.14,95.637
1997,11,2,14,0.1404,99968,0.009991,288.36,287.92,-1.34,4.15,92.884
1997,11,2,15,0.3624,99960,0.010512,289.65,289.17,-2.81,4.16,89.978
1997,11,2,16,0.5028,99832,0.010694,290.18,289.78,-3.02,5.35,88.395
1997,11,2,17,0.8878,99704,0.010876,290.7,290.38,-3.23,6.54,86.878
1997,11,2,18,0.5564,99575,0.011058,291.23,290.98,-3.44,7.73,85.319
1997,11,2,19,3.6766,99480,0.010904,291.04,290.84,-1.33,7.76,85.063
1997,11,2,20,2.7838,99386,0.01075,290.86,290.7,0.78,7.78,84.736
1997,11,2,21,2.1754,99292,0.010596,290.67,290.55,2.89,7.81,84.449
1997,11,2,22,2.7944,99489,0.0097561,289.65,289.52,5.36,6.25,83.115
1997,11,2,23,1.9216,99686,0.0089167,288.62,288.48,7.82,4.7,81.294
1998,11,1,0,0,1.0138e+05,0.0054895,283.18,283.33,0.54,-4.53,72.714
1998,11,1,1,0,1.0142e+05,0.0053782,282.68,282.78,0.57,-4.75,73.7
1998,11,1,2,0,1.0146e+05,0.0052668,282.18,282.23,0.6,-4.97,74.676
1998,11,1,3,0,1.015e+05,0.0051557,281.67,281.68,0.64,-5.18,75.698
1998,11,1,4,0,1.0148e+05,0.0051019,281.08,281.4,0.98,-4.85,77.954
1998,11,1,5,0,1.0146e+05,0.005048,280.49,281.12,1.33,-4.52,80.282
1998,11,1,6,0,1.0143e+05,0.0049941,279.9,280.83,1.67,-4.18,82.686
1998,11,1,7,0,1.0146e+05,0.0049689,279.69,280.43,1.84,-4.17,83.489
1998,11,1,8,0,1.0149e+05,0.0049436,279.47,280.03,2.01,-4.15,84.357
1998,11,1,9,0,1.0152e+05,0.0049187,279.26,279.63,2.18,-4.14,85.182
1998,11,1,10,0,1.015e+05,0.0049243,279.16,279.36,2.02,-4.16,85.856
1998,11,1,11,0,1.0148e+05,0.0049295,279.06,279.09,1.86,-4.18,86.528
1998,11,1,12,0,1.0146e+05,0.0049352,278.96,278.82,1.7,-4.2,87.215
1998,11,1,13,0,1.0147e+05,0.0048796,280.55,280.17,2.24,-4.13,77.298
1998,11,1,14,0,1.0148e+05,0.0048239,282.14,281.53,2.78,-4.05,68.594
1998,11,1,15,0,1.0149e+05,0.0047681,283.73,282.88,3.33,-3.98,60.944
1998,11,1,16,0,1.0138e+05,0.0047927,284.68,283.87,3.51,-4.12,57.445
1998,11,1,17,0,1.0126e+05,0.0048178,285.62,284.85,3.7,-4.26,54.213
1998,11,1,18,0,1.0114e+05,0.0048425,286.57,285.84,3.88,-4.41,51.147
1998,11,1,19,0,1.0114e+05,0.0049157,286.71,286.08,4.07,-4.05,51.448
1998,11,1,20,0,1.0114e+05,0.0049888,286.84,286.32,4.25,-3.7,51.772
1998,11,1,21,0,1.0114e+05,0.0050617,286.98,286.56,4.44,-3.35,52.052
1998,11,1,22,0,1.0116e+05,0.0051571,285.4,285.1,3.9,-3.65,58.822
1998,11,1,23,0,1.0119e+05,0.0052526,283.81,283.64,3.36,-3.96,66.582
1999,11,7,0,0,1.0162e+05,0.0054472,285.03,286.29,4.41,-1.72,63.952
1999,11,7,1,0,1.0165e+05,0.0053219,284.46,285.84,4.17,-2.08,64.901
1999,11,7,2,0,1.0168e+05,0.005197,283.89,285.39,3.93,-2.45,65.845
1999,11,7,3,0,1.0171e+05,0.0050719,283.32,284.94,3.69,-2.82,66.772
1999,11,7,4,0,1.0173e+05,0.0047672,282.28,283.69,3.65,-3.47,67.315
1999,11,7,5,0,1.0175e+05,0.0044628,281.23,282.45,3.62,-4.13,67.675
1999,11,7,6,0,1.0176e+05,0.0041583,280.19,281.2,3.59,-4.78,67.712
1999,11,7,7,0,1.0176e+05,0.0040306,279.51,280.16,4.04,-4.91,68.769
1999,11,7,8,0,1.0174e+05,0.0039027,278.84,279.12,4.49,-5.03,69.738
1999,11,7,9,0,1.0173e+05,0.0037746,278.17,278.08,4.94,-5.15,70.658
1999,11,7,10,0,1.0182e+05,0.0037392,277.71,277.86,4.56,-5.61,72.341
1999,11,7,11,0,1.019e+05,0.0037037,277.25,277.63,4.19,-6.06,74.065
1999,11,7,12,0,1.0199e+05,0.0036679,276.8,277.4,3.81,-6.52,75.772
1999,11,7,13,0,1.0199e+05,0.0034887,277.69,277.93,4.14,-7.12,67.706
1999,11,7,14,0,1.02e+05,0.0033092,278.58,278.45,4.47,-7.72,60.36
1999,11,7,15,0,1.02e+05,0.0031298,279.48,278.98,4.8,-8.32,53.641
1999,11,7,16,0,1.02e+05,0.0030961,279.65,279.3,5.02,-8.16,52.442
1999,11,7,17,0,1.0199e+05,0.0030628,279.82,279.63,5.24,-8,51.272
1999,11,7,18,0,1.0199e+05,0.0030294,279.99,279.96,5.46,-7.83,50.121
1999,11,7,19,0,1.0193e+05,0.0030088,279.87,279.75,5.38,-7.51,50.166
1999,11,7,20,0,1.0188e+05,0.0029878,279.76,279.55,5.29,-7.19,50.167
1999,11,7,21,0,1.0183e+05,0.0029672,279.64,279.34,5.2,-6.87,50.209
1999,11,7,22,0,1.0196e+05,0.0030851,278.97,278.87,4.94,-7.07,54.751
1999,11,7,23,0,1.021e+05,0.0032028,278.3,278.41,4.69,-7.28,59.628
2000,11,5,0,0,1.0082e+05,0.0058274,287.49,287.82,4.44,0.25,57.792
2000,11,5,1,0,1.0086e+05,0.0057556,286.79,287.12,4.4,-0.32,59.757
2000,11,5,2,0,1.009e+05,0.0056837,286.09,286.42,4.35,-0.9,61.794
2000,11,5,3,0,1.0094e+05,0.0056122,285.4,285.72,4.31,-1.47,63.868
2000,11,5,4,0,1.009e+05,0.0056186,284.83,285.14,4.3,-1.73,66.367
2000,11,5,5,0,1.0086e+05,0.0056255,284.25,284.57,4.29,-1.98,69.027
2000,11,5,6,0,1.0083e+05,0.0056322,283.68,283.99,4.27,-2.23,71.757
2000,11,5,7,0,1.0082e+05,0.0054669,282.93,283.1,4.55,-2.48,73.233
2000,11,5,8,0,1.0082e+05,0.0053013,282.17,282.22,4.83,-2.72,74.739
2000,11,5,9,0,1.0082e+05,0.0051361,281.41,281.34,5.11,-2.96,76.233
2000,11,5,10,0,1.0086e+05,0.0049526,280.59,280.47,4.53,-3.3,77.768
2000,11,5,11,0,1.009e+05,0.0047691,279.77,279.61,3.95,-3.63,79.254
2000,11,5,12,0,1.0094e+05,0.0045854,278.95,278.75,3.37,-3.97,80.675
2000,11,5,13,0,1.01e+05,0.0043957,280.32,279.97,3.74,-4.75,70.411
2000,11,5,14,0,1.0106e+05,0.0042058,281.69,281.2,4.12,-5.53,61.399
2000,11,5,15,0,1.0112e+05,0.0040158,283.06,282.43,4.49,-6.3,53.484
2000,11,5,16,0,1.0103e+05,0.0039266,283.6,282.96,4.91,-6.32,50.393
2000,11,5,17,0,1.0093e+05,0.0038376,284.14,283.5,5.33,-6.33,47.466
2000,11,5,18,0,1.0084e+05,0.0037482,284.68,284.04,5.75,-6.34,44.688
2000,11,5,19,0,1.0087e+05,0.0037364,284.28,283.69,5.46,-6.52,45.759
2000,11,5,20,0,1.009e+05,0.0037244,283.87,283.35,5.17,-6.7,46.888
2000,11,5,21,0,1.0094e+05,0.0037124,283.46,283,4.89,-6.88,48.049
2000,11,5,22,0,1.0097e+05,0.003862,282.42,282.03,4.55,-6.98,53.618
2000,11,5,23,0,1.0101e+05,0.0040119,281.38,281.06,4.21,-7.09,59.783
2001,11,4,0,0,1.0198e+05,0.0076633,289.07,290.01,3.97,-1.12,69.446
2001,11,4,1,0,1.0201e+05,0.0070377,287.57,288.45,3.09,-2.29,70.256
2001,11,4,2,0,1.0204e+05,0.0064117,286.08,286.89,2.21,-3.46,70.546
2001,11,4,3,0,1.0207e+05,0.005786,284.58,285.33,1.33,-4.63,70.292
2001,11,4,4,0,1.0206e+05,0.0055864,283.67,284.49,1.64,-4.53,72.093
2001,11,4,5,0,1.0206e+05,0.0053872,282.77,283.64,1.95,-4.43,73.835
2001,11,4,6,0,1.0205e+05,0.0051878,281.86,282.79,2.25,-4.33,75.597
2001,11,4,7,0,1.0206e+05,0.0050842,281.15,282.36,2.43,-3.96,77.755
2001,11,4,8,0,1.0207e+05,0.0049801,280.45,281.93,2.61,-3.59,79.902
2001,11,4,9,0,1.0208e+05,0.0048765,279.74,281.49,2.79,-3.22,82.159
2001,11,4,10,0,1.0211e+05,0.0048504,279.36,280.94,2.41,-3.08,83.908
2001,11,4,11,0,1.0213e+05,0.0048244,278.98,280.38,2.03,-2.94,85.7
2001,11,4,12,0,1.0216e+05,0.0047983,278.6,279.83,1.65,-2.8,87.534
2001,11,4,13,0,1.0218e+05,0.0048006,280.7,281.32,1.98,-3.06,75.798
2001,11,4,14,0,1.0221e+05,0.004803,282.79,282.82,2.3,-3.33,65.839
2001,11,4,15,0,1.0224e+05,0.0048059,284.89,284.32,2.62,-3.59,57.291
2001,11,4,16,0,1.0208e+05,0.0048488,285.9,285.38,2.87,-2.49,54.003
2001,11,4,17,0,1.0193e+05,0.004892,286.91,286.44,3.13,-1.38,50.93
2001,11,4,18,0,1.0177e+05,0.0049352,287.92,287.5,3.38,-0.28,48.053
2001,11,4,19,0,1.0173e+05,0.0050302,288.22,287.88,3.32,0.36,48.02
2001,11,4,20,0,1.0169e+05,0.0051251,288.53,288.26,3.25,1,47.94
2001,11,4,21,0,1.0164e+05,0.0052204,288.84,288.63,3.18,1.64,47.85
2001,11,4,22,0,1.0158e+05,0.0053289,287.25,287.53,3.09,1.83,54.082
2001,11,4,23,0,1.0152e+05,0.0054376,285.66,286.42,2.99,2.02,61.181
2002,11,3,0,0,1.0129e+05,0.0039087,277.31,277.48,7.06,-0.71,77.369
2002,11,3,1,0,1.0131e+05,0.0039277,277.48,277.59,7.06,-0.55,76.84
2002,11,3,2,0,1.0134e+05,0.0039462,277.65,277.71,7.07,-0.39,76.306
2002,11,3,3,0,1.0136e+05,0.0039651,277.83,277.82,7.07,-0.24,75.73
2002,11,3,4,0,1.0136e+05,0.0039591,277.65,277.79,6.6,-0.78,76.572
2002,11,3,5,0,1.0136e+05,0.003953,277.48,277.75,6.14,-1.32,77.369
2002,11,3,6,0,1.0135e+05,0.0039472,277.31,277.72,5.67,-1.87,78.18
2002,11,3,7,0,1.0143e+05,0.0039489,277.13,277.44,5.64,-1.98,79.272
2002,11,3,8,0,1.0151e+05,0.0039509,276.94,277.17,5.61,-2.09,80.442
2002,11,3,9,0,1.0159e+05,0.0039525,276.76,276.89,5.57,-2.21,81.565
2002,11,3,10,0,1.016e+05,0.0039109,276.47,276.41,4.89,-2.85,82.387
2002,11,3,11,0,1.0162e+05,0.0038689,276.18,275.92,4.2,-3.48,83.203
2002,11,3,12,0,1.0163e+05,0.003827,275.89,275.44,3.51,-4.12,84.024
2002,11,3,13,0,1.017e+05,0.0037426,277.09,276.43,3.16,-4.41,75.541
2002,11,3,14,0,1.0177e+05,0.0036583,278.28,277.43,2.81,-4.7,67.985
2002,11,3,15,0,1.0184e+05,0.0035735,279.47,278.42,2.46,-4.99,61.193
2002,11,3,16,0,1.0186e+05,0.003562,279.83,279.04,2.01,-4.51,59.507
2002,11,3,17,0,1.0186e+05,0.00355,280.19,279.67,1.57,-4.03,57.863
2002,11,3,18,0,1.0188e+05,0.0035384,280.55,280.29,1.13,-3.56,56.275
2002,11,3,19,0,1.0186e+05,0.0035137,280.68,280.31,1.15,-2.89,55.378
2002,11,3,20,0,1.0184e+05,0.0034894,280.82,280.32,1.16,-2.22,54.463
2002,11,3,21,0,1.0182e+05,0.0034646,280.95,280.33,1.18,-1.55,53.589
2002,11,3,22,0,1.019e+05,0.0035519,280.65,280.08,0.86,-0.86,56.119
2002,11,3,23,0,1.0198e+05,0.0036392,280.34,279.84,0.55,-0.16,58.777
2003,11,2,0,0,1.0205e+05,0.011784,291.9,292.13,5.12,1.79,89.35
2003,11,2,1,0,1.0204e+05,0.01151,291.24,291.5,4.68,1.45,90.954
2003,11,2,2,0,1.0204e+05,0.011236,290.57,290.88,4.25,1.11,92.614
2003,11,2,3,0,1.0203e+05,0.010962,289.9,290.25,3.81,0.77,94.266
2003,11,2,4,0,1.0205e+05,0.010911,289.73,290.22,3.3,0.18,94.858
2003,11,2,5,0,1.0206e+05,0.01086,289.56,290.19,2.79,-0.41,95.452
2003,11,2,6,0,1.0207e+05,0.010808,289.39,290.17,2.28,-1,96.05
2003,11,2,7,0,1.0209e+05,0.010638,289.28,290,1.63,-0.95,95.217
2003,11,2,8,0,1.021e+05,0.010468,289.16,289.84,0.97,-0.91,94.429
2003,11,2,9,0,1.0212e+05,0.010298,289.05,289.67,0.32,-0.86,93.561
2003,11,2,10,0,1.0218e+05,0.01015,288.75,289.28,0.17,-1.06,94.064
2003,11,2,11,0,1.0223e+05,0.010003,288.46,288.88,0.03,-1.26,94.497
2003,11,2,12,0,1.0229e+05,0.0098561,288.16,288.48,-0.12,-1.46,94.972
2003,11,2,13,0,1.0229e+05,0.0097807,289.57,289.42,-0.76,-1.23,86.107
2003,11,2,14,0,1.0229e+05,0.0097053,290.98,290.36,-1.4,-1,78.143
2003,11,2,15,0,1.0229e+05,0.0096301,292.39,291.3,-2.04,-0.77,70.98
2003,11,2,16,0,1.0225e+05,0.009701,292.41,291.65,-1.66,0.41,71.385
2003,11,2,17,0,1.022e+05,0.0097717,292.44,292.01,-1.28,1.58,71.742
2003,11,2,18,0,1.0216e+05,0.0098428,292.46,292.36,-0.89,2.76,72.145
2003,11,2,19,0,1.0213e+05,0.010027,292.25,292.03,-1.08,2.77,74.434
2003,11,2,20,0,1.0209e+05,0.01021,292.04,291.7,-1.28,2.78,76.769
2003,11,2,21,0,1.0205e+05,0.010394,291.83,291.37,-1.47,2.78,79.156
2003,11,2,22,0,1.0207e+05,0.010443,291.2,290.82,-0.6,2.89,82.747
2003,11,2,23,0,1.0209e+05,0.010491,290.56,290.26,0.26,3,86.573
2004,11,7,0,0,1.009e+05,0.0061807,282.37,282.91,6.93,3.38,86.039
2004,11,7,1,0,1.0091e+05,0.0061127,281.95,282.45,6.52,3.5,87.551
2004,11,7,2,0,1.0092e+05,0.0060448,281.52,281.99,6.1,3.63,89.148
2004,11,7,3,0,1.0094e+05,0.005977,281.09,281.52,5.69,3.75,90.775
2004,11,7,4,0,1.0093e+05,0.0058967,280.8,281.27,5.72,3.03,91.336
2004,11,7,5,0,1.0092e+05,0.0058167,280.51,281.02,5.75,2.31,91.891
2004,11,7,6,0,1.0091e+05,0.0057366,280.22,280.78,5.79,1.59,92.435
2004,11,7,7,0,1.0089e+05,0.005568,279.78,280.5,5.48,1.14,92.455
2004,11,7,8,0,1.0087e+05,0.0054001,279.34,280.23,5.16,0.69,92.412
2004,11,7,9,0,1.0085e+05,0.0052318,278.91,279.96,4.85,0.25,92.219
2004,11,7,10,0,1.0088e+05,0.0052166,278.78,280.07,4.7,0.75,92.813
2004,11,7,11,0,1.0092e+05,0.0052013,278.65,280.17,4.55,1.26,93.409
2004,11,7,12,0,1.0095e+05,0.005186,278.53,280.28,4.39,1.76,93.943
2004,11,7,13,0,1.0099e+05,0.0054204,280.92,281.85,4.06,2.25,83.322
2004,11,7,14,0,1.0103e+05,0.0056544,283.31,283.42,3.73,2.74,73.988
2004,11,7,15,0,1.0107e+05,0.0058884,285.71,284.99,3.4,3.22,65.745
2004,11,7,16,0,1.0097e+05,0.0061923,287.03,286.41,3.73,3.96,63.363
2004,11,7,17,0,1.0086e+05,0.0064961,288.36,287.83,4.05,4.7,60.933
2004,11,7,18,0,1.0076e+05,0.0068002,289.68,289.24,4.37,5.43,58.561
2004,11,7,19,0,1.0073e+05,0.0070556,289.6,289.35,4.14,5.68,61.053
2004,11,7,20,0,1.007e+05,0.0073113,289.52,289.46,3.91,5.93,63.57
2004,11,7,21,0,1.0067e+05,0.0075672,289.45,289.57,3.67,6.18,66.07
2004,11,7,22,0,1.0069e+05,0.0076457,288.16,288.44,3.98,5.48,72.524
2004,11,7,23,0,1.0072e+05,0.0077244,286.88,287.32,4.29,4.77,79.619
2005,11,6,0,0,1.0163e+05,0.0097898,288.05,288.31,1.32,3.45,94.393
2005,11,6,1,0,1.0163e+05,0.0094205,287.3,287.69,1.54,3.32,95.345
2005,11,6,2,0,1.0163e+05,0.0090514,286.56,287.08,1.75,3.19,96.127
2005,11,6,3,0,1.0163e+05,0.0086822,285.81,286.47,1.96,3.06,96.842
2005,11,6,4,0,1.016e+05,0.0084817,285.37,286.45,1.92,2.89,97.35
2005,11,6,5,0,1.0157e+05,0.0082809,284.92,286.44,1.88,2.73,97.877
2005,11,6,6,0,1.0153e+05,0.0080804,284.47,286.43,1.84,2.57,98.362
2005,11,6,7,0,1.0155e+05,0.007952,284.37,286.06,1.5,2.52,97.461
2005,11,6,8,0,1.0157e+05,0.0078232,284.26,285.7,1.17,2.48,96.602
2005,11,6,9,0,1.0159e+05,0.0076949,284.16,285.34,0.84,2.43,95.668
2005,11,6,10,0,1.0159e+05,0.0076804,283.98,285.14,0.79,2.45,96.64
2005,11,6,11,0,1.0159e+05,0.0076659,283.8,284.93,0.74,2.46,97.623
2005,11,6,12,0,1.0159e+05,0.0076516,283.62,284.73,0.69,2.48,98.618
2005,11,6,13,0,1.016e+05,0.0082309,285.66,286.02,0.38,2.92,92.689
2005,11,6,14,0,1.0161e+05,0.0088107,287.71,287.31,0.07,3.35,86.821
2005,11,6,15,0,1.0162e+05,0.0093901,289.75,288.6,-0.24,3.79,81.193
2005,11,6,16,0,1.0153e+05,0.0096966,290.98,289.98,-0.2,4.53,77.496
2005,11,6,17,0,1.0145e+05,0.010004,292.2,291.37,-0.15,5.26,73.998
2005,11,6,18,0,1.0136e+05,0.01031,293.43,292.75,-0.11,6,70.596
2005,11,6,19,0,1.013e+05,0.01052,293.24,292.79,-0.35,6.22,72.842
2005,11,6,20,0,1.0125e+05,0.010729,293.06,292.84,-0.6,6.44,75.087
2005,11,6,21,0,1.0119e+05,0.010939,292.88,292.88,-0.84,6.66,77.371
2005,11,6,22,0,1.0117e+05,0.010882,291.71,291.56,0.64,6.89,82.776
2005,11,6,23,0,1.0115e+05,0.010824,290.54,290.24,2.12,7.11,88.613
2006,11,5,0,0,1.0316e+05,0.0032087,277.88,278.87,3.04,-0.33,62.151
2006,11,5,1,0,1.0318e+05,0.0031573,277.39,278.51,3.16,-0.93,63.307
2006,11,5,2,0,1.0321e+05,0.0031062,276.89,278.15,3.28,-1.53,64.528
2006,11,5,3,0,1.0324e+05,0.0030549,276.4,277.78,3.41,-2.13,65.714
2006,11,5,4,0,1.0323e+05,0.0030973,276.28,277.19,2.77,-2.34,67.19
2006,11,5,5,0,1.0322e+05,0.00314,276.16,276.6,2.13,-2.56,68.693
2006,11,5,6,0,1.0322e+05,0.0031823,276.04,276.01,1.5,-2.78,70.209
2006,11,5,7,0,1.032e+05,0.0031682,275.71,275.94,1.44,-2.59,71.543
2006,11,5,8,0,1.0318e+05,0.0031545,275.38,275.87,1.38,-2.41,72.915
2006,11,5,9,0,1.0316e+05,0.0031404,275.05,275.8,1.33,-2.22,74.307
2006,11,5,10,0,1.032e+05,0.0031806,275.31,276.02,1.14,-2.03,73.901
2006,11,5,11,0,1.0324e+05,0.0032205,275.58,276.25,0.95,-1.83,73.429
2006,11,5,12,0,1.0328e+05,0.0032602,275.84,276.48,0.77,-1.64,72.999
2006,11,5,13,0,1.0329e+05,0.0031637,277.19,277.4,0.51,-1.58,64.398
2006,11,5,14,0,1.033e+05,0.0030671,278.54,278.33,0.26,-1.53,56.814
2006,11,5,15,0,1.0331e+05,0.0029707,279.89,279.25,0,-1.48,50.129
2006,11,5,16,0,1.0326e+05,0.0030459,280.12,279.68,0.49,-0.92,50.569
2006,11,5,17,0,1.0321e+05,0.0031215,280.35,280.12,0.98,-0.37,50.989
2006,11,5,18,0,1.0316e+05,0.0031966,280.58,280.55,1.47,0.19,51.377
2006,11,5,19,0,1.0313e+05,0.0032782,280.76,280.65,1.08,0.11,52.028
2006,11,5,20,0,1.031e+05,0.0033598,280.94,280.75,0.69,0.04,52.654
2006,11,5,21,0,1.0306e+05,0.0034411,281.11,280.85,0.29,-0.03,53.29
2006,11,5,22,0,1.0306e+05,0.0035676,280.64,280.64,0.55,0.3,57.049
2006,11,5,23,0,1.0306e+05,0.0036944,280.17,280.42,0.81,0.64,61.008
2007,11,4,0,0,1.0053e+05,0.0065826,283.6,283.88,4.05,-5.22,84.062
2007,11,4,1,0,1.0058e+05,0.0062061,282.72,283.37,4.55,-4.65,84.111
2007,11,4,2,0,1.0063e+05,0.0058298,281.85,282.87,5.04,-4.09,83.832
2007,11,4,3,0,1.0068e+05,0.0054533,280.98,282.37,5.54,-3.53,83.236
2007,11,4,4,0,1.0067e+05,0.0052518,280.49,281.58,4.91,-2.9,82.877
2007,11,4,5,0,1.0066e+05,0.0050505,280,280.79,4.28,-2.27,82.413
2007,11,4,6,0,1.0064e+05,0.0048487,279.51,280,3.65,-1.65,81.823
2007,11,4,7,0,1.0072e+05,0.004742,279.06,279.67,4.04,-1.35,82.615
2007,11,4,8,0,1.008e+05,0.0046348,278.6,279.34,4.43,-1.05,83.431
2007,11,4,9,0,1.0088e+05,0.0045282,278.15,279.01,4.82,-0.75,84.173
2007,11,4,10,0,1.0094e+05,0.0044876,277.93,278.63,4.93,-1.09,84.761
2007,11,4,11,0,1.0101e+05,0.0044475,277.71,278.26,5.05,-1.43,85.359
2007,11,4,12,0,1.0107e+05,0.004407,277.48,277.88,5.17,-1.76,86.01
2007,11,4,13,0,1.0108e+05,0.0045198,279.74,279.85,4.73,-1.96,75.397
2007,11,4,14,0,1.0108e+05,0.0046326,281.99,281.82,4.3,-2.15,66.284
2007,11,4,15,0,1.0109e+05,0.0047453,284.25,283.78,3.87,-2.34,58.359
2007,11,4,16,0,1.0103e+05,0.0047962,285.33,284.62,3.68,-2.13,54.883
2007,11,4,17,0,1.0096e+05,0.0048467,286.42,285.46,3.5,-1.92,51.601
2007,11,4,18,0,1.0089e+05,0.0048977,287.51,286.29,3.31,-1.71,48.545
2007,11,4,19,0,1.009e+05,0.0047739,287.29,286.42,3.55,-1.49,48
2007,11,4,20,0,1.009e+05,0.0046501,287.07,286.54,3.79,-1.27,47.43
2007,11,4,21,0,1.0091e+05,0.0045261,286.86,286.67,4.03,-1.05,46.803
2007,11,4,22,0,1.0096e+05,0.0047783,285.69,285.63,4.2,-0.93,53.366
2007,11,4,23,0,1.0102e+05,0.0050302,284.52,284.6,4.37,-0.81,60.72
2008,11,2,0,0,1.0242e+05,0.0069943,287.26,287.17,2.39,-3.71,71.524
2008,11,2,1,0,1.0241e+05,0.0067476,286.58,286.45,1.66,-3.87,72.115
2008,11,2,2,0,1.024e+05,0.006501,285.9,285.74,0.92,-4.03,72.632
2008,11,2,3,0,1.0239e+05,0.0062545,285.22,285.02,0.19,-4.19,73.067
2008,11,2,4,0,1.0243e+05,0.0059522,284.06,284.16,0.25,-4.19,75.114
2008,11,2,5,0,1.0247e+05,0.0056496,282.9,283.29,0.3,-4.19,77.069
2008,11,2,6,0,1.0251e+05,0.0053472,281.73,282.42,0.35,-4.19,78.963
2008,11,2,7,0,1.0258e+05,0.0051493,280.9,281.38,0.15,-4.51,80.515
2008,11,2,8,0,1.0266e+05,0.0049516,280.07,280.34,-0.05,-4.84,82.01
2008,11,2,9,0,1.0274e+05,0.0047541,279.24,279.31,-0.25,-5.16,83.436
2008,11,2,10,0,1.0281e+05,0.0046119,278.62,278.63,-1.01,-5.3,84.557
2008,11,2,11,0,1.0289e+05,0.00447,278,277.96,-1.78,-5.43,85.637
2008,11,2,12,0,1.0297e+05,0.0043281,277.38,277.29,-2.54,-5.57,86.662
2008,11,2,13,0,1.0305e+05,0.0039796,278.72,278.12,-2.91,-5.69,72.627
2008,11,2,14,0,1.0313e+05,0.003631,280.05,278.96,-3.28,-5.8,60.5
2008,11,2,15,0,1.0322e+05,0.0032828,281.39,279.8,-3.65,-5.91,49.954
2008,11,2,16,0,1.032e+05,0.0032634,281.73,280.42,-3.57,-5.1,48.52
2008,11,2,17,0,1.0319e+05,0.0032443,282.08,281.04,-3.48,-4.28,47.1
2008,11,2,18,0,1.0318e+05,0.0032252,282.42,281.67,-3.39,-3.47,45.755
2008,11,2,19,0,1.032e+05,0.0032871,282.29,281.64,-3.4,-2.8,47.054
2008,11,2,20,0,1.0322e+05,0.0033486,282.16,281.61,-3.4,-2.13,48.369
2008,11,2,21,0,1.0325e+05,0.0034102,282.02,281.58,-3.4,-1.47,49.738
2008,11,2,22,0,1.0327e+05,0.0037207,280.76,280.62,-3.74,-0.67,59.129
2008,11,2,23,0,1.0329e+05,0.0040314,279.49,279.67,-4.08,0.12,69.915
2009,11,1,0,1.2532,1.0071e+05,0.012436,291.35,291.11,5.58,8.28,96.317
2009,11,1,1,0.8836,1.0078e+05,0.012275,291.2,290.85,5.54,6.51,96.037
2009,11,1,2,0.0704,1.0086e+05,0.012113,291.04,290.6,5.49,4.75,95.802
2009,11,1,3,0,1.0093e+05,0.011952,290.88,290.35,5.45,2.98,95.555
2009,11,1,4,0.1848,1.0101e+05,0.011019,290.09,289.48,5.02,0.97,92.683
2009,11,1,5,0.0004,1.011e+05,0.010086,289.29,288.62,4.59,-1.03,89.337
2009,11,1,6,0,1.0118e+05,0.0091524,288.49,287.76,4.17,-3.04,85.4
2009,11,1,7,0,1.013e+05,0.008494,287.69,286.96,4.15,-3.41,83.555
2009,11,1,8,0.0016,1.0143e+05,0.0078359,286.89,286.16,4.13,-3.77,81.286
2009,11,1,9,0.064,1.0156e+05,0.0071777,286.08,285.37,4.11,-4.13,78.599
2009,11,1,10,0.4048,1.0162e+05,0.0070104,285.33,284.86,3.47,-4.27,80.691
2009,11,1,11,0.3878,1.0168e+05,0.006843,284.58,284.35,2.83,-4.41,82.816
2009,11,1,12,0.1428,1.0174e+05,0.0066755,283.82,283.84,2.19,-4.55,85.025
2009,11,1,13,0.004,1.0177e+05,0.0063973,284.39,284.18,1.6,-4.49,78.472
2009,11,1,14,0.0048,1.018e+05,0.0061191,284.96,284.53,1.01,-4.42,72.3
2009,11,1,15,0,1.0183e+05,0.0058409,285.53,284.88,0.41,-4.36,66.487
2009,11,1,16,0,1.0179e+05,0.0058125,286.05,285.49,0.23,-4.64,63.919
2009,11,1,17,0,1.0175e+05,0.0057844,286.56,286.09,0.04,-4.91,61.501
2009,11,1,18,0,1.0171e+05,0.0057558,287.08,286.7,-0.15,-5.19,59.138
2009,11,1,19,0,1.0179e+05,0.0057521,287.26,286.92,-0.09,-5.09,58.459
2009,11,1,20,0,1.0187e+05,0.0057485,287.43,287.15,-0.04,-4.98,57.826
2009,11,1,21,0,1.0194e+05,0.0057447,287.6,287.37,0.02,-4.88,57.2
2009,11,1,22,0,1.0196e+05,0.0059857,286.7,286.36,-0.61,-4.56,63.197
2009,11,1,23,0,1.0198e+05,0.0062264,285.81,285.35,-1.24,-4.25,69.69
2010,11,7,0,0,1.0224e+05,0.00487,282.03,281.19,1.89,-5.9,70.287
2010,11,7,1,0,1.0226e+05,0.0046469,281.54,280.87,1.65,-6.23,69.342
2010,11,7,2,0,1.0227e+05,0.0044237,281.04,280.55,1.41,-6.55,68.306
2010,11,7,3,0,1.0229e+05,0.0042006,280.54,280.23,1.17,-6.88,67.124
2010,11,7,4,0,1.023e+05,0.0042298,280.07,279.84,0.88,-6.9,69.808
2010,11,7,5,0,1.023e+05,0.004259,279.59,279.45,0.59,-6.91,72.654
2010,11,7,6,0,1.0231e+05,0.0042882,279.12,279.06,0.3,-6.93,75.571
2010,11,7,7,0,1.0233e+05,0.0043275,278.75,278.57,0.6,-6.81,78.26
2010,11,7,8,0,1.0235e+05,0.0043667,278.38,278.08,0.9,-6.68,81.044
2010,11,7,9,0,1.0237e+05,0.004406,278.01,277.59,1.2,-6.56,83.929
2010,11,7,10,0,1.0243e+05,0.0043555,277.63,277.29,1.28,-6.55,85.246
2010,11,7,11,0,1.0248e+05,0.004305,277.24,276.99,1.36,-6.55,86.641
2010,11,7,12,0,1.0254e+05,0.0042546,276.86,276.69,1.44,-6.55,87.994
2010,11,7,13,0,1.0247e+05,0.0040952,277.81,277.42,1.29,-6.51,79.18
2010,11,7,14,0,1.024e+05,0.0039358,278.77,278.15,1.14,-6.47,71.129
2010,11,7,15,0,1.0234e+05,0.0037764,279.72,278.87,1,-6.42,63.869
2010,11,7,16,0,1.0224e+05,0.0037621,280.53,279.93,1.23,-6.51,60.127
2010,11,7,17,0,1.0214e+05,0.0037477,281.34,280.99,1.47,-6.6,56.623
2010,11,7,18,0,1.0204e+05,0.0037334,282.14,282.04,1.71,-6.69,53.378
2010,11,7,19,0,1.0194e+05,0.0037602,282.33,282.14,2.17,-6.58,53.024
2010,11,7,20,0,1.0184e+05,0.0037871,282.51,282.24,2.63,-6.46,52.707
2010,11,7,21,0,1.0174e+05,0.0038139,282.7,282.34,3.08,-6.35,52.354
2010,11,7,22,0,1.0171e+05,0.0039498,281.31,281.16,3.3,-6.37,59.548
2010,11,7,23,0,1.0168e+05,0.0040857,279.92,279.98,3.52,-6.38,67.721
2011,11,6,0,0,1.0295e+05,0.0035325,278.78,279.97,-1.53,-1.96,64.137
2011,11,6,1,0,1.0297e+05,0.0034448,277.98,279.26,-1.01,-1.74,66.141
2011,11,6,2,0,1.03e+05,0.0033572,277.19,278.55,-0.5,-1.52,68.143
2011,11,6,3,0,1.0302e+05,0.0032696,276.39,277.84,0.01,-1.3,70.232
2011,11,6,4,0,1.0305e+05,0.0032886,276.47,277.83,0.21,-1.14,70.265
2011,11,6,5,0,1.0309e+05,0.0033076,276.55,277.82,0.41,-0.99,70.296
2011,11,6,6,0,1.0312e+05,0.0033266,276.63,277.8,0.61,-0.84,70.324
2011,11,6,7,0,1.0313e+05,0.0033896,276.57,277.65,0.96,-1.04,71.966
2011,11,6,8,0,1.0314e+05,0.0034526,276.5,277.49,1.32,-1.24,73.673
2011,11,6,9,0,1.0314e+05,0.0035156,276.44,277.34,1.68,-1.44,75.343
2011,11,6,10,0,1.0316e+05,0.0035904,276.1,277.22,1.38,-1.56,78.835
2011,11,6,11,0,1.0318e+05,0.0036653,275.75,277.11,1.08,-1.68,82.521
2011,11,6,12,0,1.032e+05,0.0037401,275.4,277,0.78,-1.8,86.348
2011,11,6,13,0,1.0318e+05,0.0039812,277.52,278.32,1.2,-0.78,79.102
2011,11,6,14,0,1.0316e+05,0.0042222,279.63,279.65,1.62,0.24,72.431
2011,11,6,15,0,1.0314e+05,0.0044632,281.74,280.98,2.04,1.26,66.27
2011,11,6,16,0,1.031e+05,0.0045228,282.71,282.15,2.27,2.08,62.879
2011,11,6,17,0,1.0307e+05,0.0045824,283.68,283.31,2.5,2.9,59.682
2011,11,6,18,0,1.0304e+05,0.0046419,284.64,284.48,2.74,3.72,56.701
2011,11,6,19,0,1.0295e+05,0.0047869,284.67,284.55,2.6,3.94,58.308
2011,11,6,20,0,1.0287e+05,0.0049319,284.69,284.62,2.46,4.15,59.944
2011,11,6,21,0,1.0278e+05,0.0050768,284.71,284.68,2.32,4.36,61.572
2011,11,6,22,0,1.0277e+05,0.0051825,283.25,283.6,2.93,3.7,69.263
2011,11,6,23,0,1.0276e+05,0.0052882,281.78,282.52,3.54,3.03,78.024
2012,11,4,0,0,1.0113e+05,0.0040276,279.74,279.73,5.92,-5.44,67.219
2012,11,4,1,0,1.0118e+05,0.0039012,279.26,279.4,5.79,-5.53,67.339
2012,11,4,2,0,1.0124e+05,0.0037747,278.79,279.07,5.65,-5.61,67.348
2012,11,4,3,0,1.0129e+05,0.0036482,278.32,278.74,5.52,-5.7,67.29
2012,11,4,4,0,1.0128e+05,0.003695,277.98,278.55,5.38,-5.53,69.781
2012,11,4,5,0,1.0127e+05,0.0037418,277.64,278.35,5.23,-5.36,72.357
2012,11,4,6,0,1.0126e+05,0.0037886,277.31,278.16,5.09,-5.2,74.969
2012,11,4,7,0,1.0128e+05,0.0038422,276.76,277.48,5.1,-4.74,79.044
2012,11,4,8,0,1.013e+05,0.0038958,276.21,276.79,5.11,-4.28,83.339
2012,11,4,9,0,1.0131e+05,0.0039494,275.67,276.1,5.12,-3.82,87.804
2012,11,4,10,0,1.0134e+05,0.0039272,275.41,275.66,4.99,-3.93,88.97
2012,11,4,11,0,1.0137e+05,0.0039051,275.15,275.21,4.85,-4.05,90.153
2012,11,4,12,0,1.014e+05,0.0038829,274.9,274.76,4.72,-4.16,91.285
2012,11,4,13,0,1.0142e+05,0.0037449,276.96,276.54,4.15,-4.05,76.067
2012,11,4,14,0,1.0143e+05,0.003607,279.03,278.32,3.57,-3.94,63.413
2012,11,4,15,0,1.0144e+05,0.0034691,281.1,280.09,3,-3.82,52.912
2012,11,4,16,0,1.0139e+05,0.0035077,281.88,280.91,3.08,-3.32,50.715
2012,11,4,17,0,1.0133e+05,0.0035463,282.66,281.72,3.15,-2.83,48.619
2012,11,4,18,0,1.0128e+05,0.003585,283.44,282.53,3.23,-2.33,46.62
2012,11,4,19,0,1.0126e+05,0.0036467,283.24,282.36,3.55,-2.58,48.051
2012,11,4,20,0,1.0124e+05,0.0037085,283.04,282.18,3.87,-2.84,49.514
2012,11,4,21,0,1.0121e+05,0.0037703,282.84,282.01,4.2,-3.09,51.007
2012,11,4,22,0,1.0129e+05,0.003855,281.94,281.18,3.84,-3.33,55.459
2012,11,4,23,0,1.0137e+05,0.0039397,281.04,280.35,3.48,-3.57,60.297
2013,11,3,0,0,1.0055e+05,0.0064146,288.04,288.37,5.77,-1.69,61.232
2013,11,3,1,0,1.0056e+05,0.0063998,287.12,287.45,4.96,-1.54,64.845
2013,11,3,2,0,1.0057e+05,0.0063849,286.19,286.54,4.14,-1.4,68.744
2013,11,3,3,0,1.0058e+05,0.0063701,285.27,285.62,3.33,-1.26,72.862
2013,11,3,4,0,1.0066e+05,0.0062663,284.49,284.99,3.04,-1.07,75.519
2013,11,3,5,0,1.0073e+05,0.0061624,283.71,284.35,2.76,-0.89,78.275
2013,11,3,6,0,1.008e+05,0.0060586,282.93,283.72,2.47,-0.7,81.136
2013,11,3,7,0,1.0087e+05,0.0059283,282.31,283.1,2.39,-1.33,82.832
2013,11,3,8,0,1.0094e+05,0.0057981,281.68,282.49,2.3,-1.95,84.598
2013,11,3,9,0,1.0101e+05,0.0056678,281.06,281.87,2.22,-2.58,86.317
2013,11,3,10,0,1.0114e+05,0.0056458,281.01,281.59,1.45,-3.91,86.385
2013,11,3,11,0,1.0127e+05,0.0056238,280.97,281.32,0.67,-5.24,86.393
2013,11,3,12,0,1.014e+05,0.0056018,280.93,281.04,-0.1,-6.56,86.4
2013,11,3,13,0,1.0151e+05,0.0053014,281.43,281.13,-0.06,-7.14,79.121
2013,11,3,14,0,1.0163e+05,0.005001,281.94,281.22,-0.019999,-7.71,72.184
2013,11,3,15,0,1.0174e+05,0.0047006,282.45,281.31,0.020001,-8.28,65.627
2013,11,3,16,0,1.0184e+05,0.004506,282.6,281.75,0.4,-8.05,62.335
2013,11,3,17,0,1.0193e+05,0.0043114,282.75,282.18,0.78,-7.82,59.098
2013,11,3,18,0,1.0202e+05,0.0041168,282.9,282.62,1.16,-7.58,55.917
2013,11,3,19,0,1.0204e+05,0.0039314,282.92,282.57,0.92,-7.3,53.335
2013,11,3,20,0,1.0206e+05,0.0037459,282.94,282.53,0.68,-7.03,50.757
2013,11,3,21,0,1.0207e+05,0.0035604,282.96,282.48,0.43,-6.75,48.186
2013,11,3,22,0,1.0222e+05,0.0034893,282.21,281.81,0.22,-6.76,49.742
2013,11,3,23,0,1.0237e+05,0.0034182,281.47,281.14,0.0099993,-6.77,51.308
2014,11,2,0,0.2342,1.0076e+05,0.0061366,281.26,280.49,-1.12,-10.2,91.961
2014,11,2,1,0.3496,1.0077e+05,0.0058603,280.87,280.32,-1.48,-10.7,90.194
2014,11,2,2,0.0453,1.0078e+05,0.0055841,280.48,280.15,-1.84,-11.21,88.273
2014,11,2,3,0.0288,1.0078e+05,0.005308,280.08,279.97,-2.2,-11.72,86.25
2014,11,2,4,0.1682,1.0074e+05,0.0051105,279.78,279.69,-1.88,-11.69,84.729
2014,11,2,5,0.0907,1.0068e+05,0.0049129,279.48,279.41,-1.55,-11.66,83.113
2014,11,2,6,0,1.0064e+05,0.0047154,279.18,279.13,-1.22,-11.63,81.403
2014,11,2,7,0,1.0062e+05,0.0045636,278.95,279.1,-0.73,-11.85,80.035
2014,11,2,8,0,1.0061e+05,0.0044118,278.71,279.07,-0.24,-12.06,78.66
2014,11,2,9,0,1.0059e+05,0.00426,278.47,279.04,0.24,-12.27,77.22
2014,11,2,10,0,1.0066e+05,0.0042646,278.3,278.74,0.67,-12.26,78.28
2014,11,2,11,0,1.0074e+05,0.0042693,278.13,278.44,1.1,-12.25,79.358
2014,11,2,12,0,1.0081e+05,0.0042744,277.96,278.13,1.53,-12.25,80.458
2014,11,2,13,0,1.0087e+05,0.0040243,278.43,278.63,1.76,-12.62,73.356
2014,11,2,14,0,1.0094e+05,0.0037742,278.91,279.14,1.99,-13,66.584
2014,11,2,15,0,1.01e+05,0.0035243,279.38,279.64,2.22,-13.38,60.225
2014,11,2,16,0,1.01e+05,0.0034438,280.36,280.34,2.79,-12.7,55.008
2014,11,2,17,0,1.0098e+05,0.0033635,281.34,281.04,3.36,-12.03,50.245
2014,11,2,18,0,1.0098e+05,0.0032833,282.32,281.74,3.92,-11.36,45.894
2014,11,2,19,0,1.01e+05,0.0032248,282.16,281.77,4.36,-10.77,45.574
2014,11,2,20,0,1.0101e+05,0.0031664,282,281.81,4.8,-10.17,45.244
2014,11,2,21,0,1.0103e+05,0.0031083,281.84,281.84,5.24,-9.58,44.905
2014,11,2,22,0,1.0116e+05,0.0032425,280.51,280.54,5.95,-9.19,51.347
2014,11,2,23,0,1.0128e+05,0.0033768,279.17,279.25,6.66,-8.8,58.711
2015,11,1,0,0,1.0182e+05,0.0058233,282.89,283.11,2.52,3.07,78.986
2015,11,1,1,0,1.018e+05,0.0058509,282.64,283.22,2.23,3.2,80.69
2015,11,1,2,0,1.0178e+05,0.0058787,282.39,283.33,1.95,3.33,82.435
2015,11,1,3,0,1.0176e+05,0.0059063,282.14,283.43,1.67,3.47,84.215
2015,11,1,4,0,1.0169e+05,0.0059287,281.88,283.36,2.05,2.85,85.973
2015,11,1,5,0,1.0162e+05,0.0059511,281.63,283.29,2.43,2.24,87.71
2015,11,1,6,0,1.0154e+05,0.0059741,281.37,283.22,2.8,1.62,89.553
2015,11,1,7,0,1.0151e+05,0.006163,281.84,283.34,2.41,2.61,89.455
2015,11,1,8,0,1.0147e+05,0.0063523,282.3,283.45,2.02,3.6,89.35
2015,11,1,9,0,1.0144e+05,0.0065416,282.76,283.57,1.62,4.6,89.176
2015,11,1,10,0,1.0138e+05,0.0068066,283.19,283.76,2.18,5.03,90.1
2015,11,1,11,0,1.0133e+05,0.0070715,283.61,283.95,2.73,5.47,90.965
2015,11,1,12,0,1.0127e+05,0.0073361,284.04,284.13,3.28,5.91,91.652
2015,11,1,13,0,1.0126e+05,0.0074646,284.79,284.95,3.23,5.74,88.723
2015,11,1,14,0,1.0125e+05,0.0075926,285.54,285.77,3.18,5.57,85.883
2015,11,1,15,0,1.0124e+05,0.007721,286.29,286.59,3.13,5.4,83.137
2015,11,1,16,0,1.0117e+05,0.0079146,287.35,287.65,3.63,5.03,79.486
2015,11,1,17,0,1.011e+05,0.0081078,288.41,288.71,4.13,4.67,75.988
2015,11,1,18,0,1.0103e+05,0.0083016,289.47,289.78,4.63,4.31,72.649
2015,11,1,19,0,1.0103e+05,0.0086173,289.95,290.13,4.42,4.12,73.142
2015,11,1,20,0,1.0102e+05,0.0089327,290.43,290.49,4.2,3.93,73.544
2015,11,1,21,0,1.0102e+05,0.0092487,290.91,290.84,3.98,3.74,73.87
2015,11,1,22,0,1.0106e+05,0.0092035,289.53,289.45,3.52,3.45,80.255
2015,11,1,23,0,1.0109e+05,0.0091586,288.16,288.05,3.06,3.16,87.22
